function_id	qualified_name	source_file	start_line	end_line	source_sha256	behavior	inputs	outputs	reads	writes	guarantees	failures	confidence
F01	backup::run_post_write	crates/house-substrate/src/backup.rs	703	710	4a5aad2964c2fec81ec462f5c1a13557f1f0664577dea73d277019f92a102862	Runs one automatic backup after a committed write.	pool; database_url	Result<(), BackupError>	V05; F02; F03	\N	Queries migrations before it resolves the output directory.	Propagates the first migration, directory, or backup error.	source_confirmed
F02	backup::source_migrations	crates/house-substrate/src/backup.rs	535	543	4a5aad2964c2fec81ec462f5c1a13557f1f0664577dea73d277019f92a102862	Reads and normalizes all recorded migration versions.	pool	Vec<String>	V07	\N	Returns normalized migration order.	Maps query failure to BackupError::Command.	source_confirmed
F03	backup::default_backup_dir	crates/house-substrate/src/backup.rs	627	632	4a5aad2964c2fec81ec462f5c1a13557f1f0664577dea73d277019f92a102862	Selects the configured directory or the state backup directory.	\N	PathBuf	V06; V12	\N	Ignores an empty override.	Propagates state directory failure.	source_confirmed
F04	backup::backup_with_migrations	crates/house-substrate/src/backup.rs	452	513	4a5aad2964c2fec81ec462f5c1a13557f1f0664577dea73d277019f92a102862	Creates, validates, publishes, and rotates one backup pair.	database_url; output_dir; keep; migrations	Manifest	unknown outside closure	unknown outside closure	Refuses keep zero and unknown migration lineages before dump start.	unknown outside closure	source_confirmed
F05	anamnesis::anamnesis_write	crates/house-substrate/src/anamnesis.rs	162	295	1f1ecbb80024c9b438a1f5ef48fa89929952cf06e58ec802d9e3f4f554ec6b17	Commits Anamnesis data and optionally calls F01.	pool; config; request	AnamnesisReceipt	V08	\N	Calls F01 after commit.	Converts F01 failure into a warning.	source_confirmed
F06	paper_boat::paper_boat_sleep	crates/house-substrate/src/paper_boat.rs	18	87	4a8c44ad0558d9cf128c9927f0eb42e1ca562b510b62ca1ee90b8e16e6fbeb19	Commits a paper boat and records the optional backup result.	pool; config; request	PaperBoatSleepReceipt	V09	\N	Keeps the committed boat when F01 fails.	Converts F01 failure into Failed status and a warning.	source_confirmed
F07	remember::remember	crates/house-substrate/src/remember.rs	320	373	2218a09cc5e80f63a5eecef1d60576c3a5a04fff0b3c12f991e3430e744ff36b	Commits a memory and optionally calls F01.	pool; config; request	RememberReceipt	V10	\N	Calls F01 after commit.	Converts F01 failure into a warning.	source_confirmed
F08	remember::remember_lesson	crates/house-substrate/src/remember.rs	780	871	2218a09cc5e80f63a5eecef1d60576c3a5a04fff0b3c12f991e3430e744ff36b	Commits a lesson and conditionally calls F01.	pool; config; request	RememberReceipt	V10; V11	\N	Calls F01 after commit for project, audio, and design lessons.	Converts F01 failure into a warning.	source_confirmed
F09	remember::default_backup	crates/house-substrate/src/remember.rs	81	83	2218a09cc5e80f63a5eecef1d60576c3a5a04fff0b3c12f991e3430e744ff36b	Returns true as the default backup request value.	none	bool	\N	\N	Always returns true.	none	source_confirmed
